PRODUCT_NAME,SHIPPNG_TYPE,PAYMENT_METHOD,SELLING_STATUS
Bose SoundSport Free Wireless Headphones - Factory Renewed,Free,PayPal,Active
Bose SoundSport Wired In-Ear Headphones - Apple Devices,Free,PayPal,Active
Bose SoundSport Free Wireless Headphones - Factory Renewed,Free,PayPal,Active
Bose SoundSport Wired In-Ear Headphones - Apple Devices,Free,PayPal,Active
Bose SoundSport Wired In-Ear Headphones - Apple Devices,Free,PayPal,Active
Bose QuietComfort QC25 Noise Cancelling Headphones - Black,Free,PayPal,Active
Bose SoundSport In-Ear Earphones Headphones Volume & Mic Controls Multi-Colors,FlatDomesticCalculatedInternational,PayPal,Active
Bose SoundSport Wireless In-Ear Bluetooth Headphones NFC - Black,Free,PayPal,Active
"Bose QuietComfort 35 (Series II) Wireless Headphones, Noise Cancelling, with",Free,PayPal,Active
Bose SoundSport Wireless Headphones Citron BRAND NEW AND SEALED,Free,PayPal,Active
Bose Soundsport Free Wireless Charging Case - Midnight Blue,Free,PayPal,Active
Bose SoundSport Wireless In-Ear Bluetooth Headphones NFC - Aqua,Free,PayPal,Active
BOSE SoundSport In-Ear Earbuds Headphones For Apple / iPhone Charcoal Black NEW,Free,PayPal,Active
Bose QuietComfort 35 Noise Cancelling Wireless Headphones Series II - QC35 Black,Free,PayPal,Active
Bose SoundSport Wireless Neckband Wireless Headphones - Black,Free,PayPal,Active
BOSE SOUNDSPORT FREE WIRELESS IN-EAR HEADPHONES BLACK 774373-0010,Free,PayPal,Active
Bose QuietComfort QC35 II 2 Bluetooth Headphones Google Assistant Free Shipping,Flat,PayPal,Active
BOSE QuietComfort II 2 QC35 Wireless Noise Cancelling Headphones üéß BLACK,Free,PayPal,Active
Bose SoundSport Wireless In Ear Bluetooth Headphones Bose Soundsport Aqua Black,Free,PayPal,Active
Bose QuietComfort 35 Noise Cancelling Wireless Headphones Series II - QC35 Black,Free,PayPal,Active
BOSE QuietComfort 35 II Wireless Headphones,Free,PayPal,Active
Bose QuietControl 30 Neckband Wireless Headphones QC30 - Black,Free,PayPal,Active
Bose SoundSport Wireless Bluetooth Neckband Headphones In-Ear Aqua Black Citron,Free,PayPal,Active
Bose QuietComfort 25 Noise Cancelling Headphones¬† Free Shipping,Free,PayPal,Active
BOSE QuietComfort 25 Acoustic Noise Cancelling Black Headphones Factory Renewed,Free,PayPal,Active
Bose SoundSport Wireless In-Ear Headphones - NFC - Citron - FREE 2 DAY SHIPPING,Free,PayPal,Active
Bose¬Æ SoundLink¬Æ Wireless Around Ear Headphones II-100%+Seller Rating‚úîÔ∏è,Free,PayPal,Active
Bose SoundSport Wireless Bluetooth Neckband Headphones In-Ear Black Aqua Citron,Free,PayPal,Active
Brand New & Sealed Bose On-Ear Wireless Headphones - Black - 714675-0030,Free,PayPal,Active
SEALED BOSE SOUNDSPORT FREE WIRELESS IN-EAR HEADPHONE NAVY / CITRON 774373-0020,Free,PayPal,Active
Bose SoundSport In-Ear Earphones Headphones Volume & Mic Controls Multi-Colors,FlatDomesticCalculatedInternational,PayPal,Active
BOSE QuietComfort 35 II Wireless Headphones Black QC35 BRAND NEW (7895640-0010),Free,PayPal,Active
Bose SoundSport In-Ear Earphones Headphones Volume & Mic Controls Multi-Colors,FlatDomesticCalculatedInternational,PayPal,Active
Bose SoundSport Free Wireless Headphones - Midnight Blue,Free,PayPal,Active
Bose QuietComfort QC25 Headphones - Special Edition Full Black,Free,PayPal,Active
NEW Bose Quiet Comfort QC 20 QC20 Noise Cancelling Headphones Earbud Apple,Free,PayPal,Active
Bose SoundSport Free Wireless Headphones - Midnight Blue / Citron,Free,PayPal,Active
Bose SoundSport Wireless In-Ear Headphones -Black,Free,PayPal,Active
Bose SoundSport In-Ear Headphones - Samsung & Android Devices (Charcoal Black),Free,PayPal,Active
Bose SoundSport Wireless Headphones - Black,Free,PayPal,Active
Bose SoundSport In-Ear Earphones Headphones Volume & Mic Controls Multi-Colors,FlatDomesticCalculatedInternational,PayPal,Active
Bose SoundSport Free Wireless In-Ear Headphones - Black (774373-0010),Flat,PayPal,Active
Bose In-Ear Headphones/Earbuds - SoundTrue Black / White / Red from Tacoma 98403,Free,PayPal,Active
Bose SoundSport Wireless Neckband Wireless Headphones - Aqua,Free,PayPal,Active
Bose SoundSport Free True Wireless In-Ear Headphones,Free,PayPal,Active
Bose¬Æ - QuietComfort 35 Wireless Noise Cancelling Headphones II,Free,PayPal,Active
Bose¬Æ - QuietComfort 35 Wireless Noise Cancelling Headphones II,Free,PayPal,Active
New Bose QuietComfort 35 II Wireless Headphones Noise Cancelling Silver QC35II,Free,PayPal,Active
Bose SoundSport Wired In-Ear Headphones - Apple Devices Red or Green New Sealed,Free,PayPal,Active
Bose On-Ear Wireless Headphones - Factory Renewed,Free,PayPal,Active
Bose SoundSport In-Ear Earphones Headphones Volume & Mic Controls Multi-Colors,FlatDomesticCalculatedInternational,PayPal,Active
Bose SoundSport Wireless In Ear Bluetooth Headphones NFC Bose SoundSport,Free,PayPal,Active
Bose In-Ear Headphones/Earbuds - SoundTrue Black / White / Red from Tacoma 98403,Free,PayPal,Active
Bose QC 25 tan/white Quiet Comfort Acoustic Noise Cancelling Wired Headphones,Calculated,PayPal,Active
Bose SoundLink II Around-Ear Wireless Headphones - Black - Store Demo Model,Free,PayPal,Active
BOSE QUIETCOMFORT - QC35 II WIRELESS Headphones - Black- DISTRESSED - 38-6B,Flat,PayPal,Active
Bose QuietComfort 25 QC25 Headphones for Apple White  (DISTRESSED)  07-4A,Calculated,PayPal,Active
Bose SoundSport In-Ear Wireless Headphones,Free,PayPal,Active
Bose¬Æ - QuietComfort 35 Wireless Noise Cancelling Headphones II,Free,PayPal,Active
"Bose SoundLink Around-Ear Wireless Headphones II, Black",Free,PayPal,Active
Bose SoundSport Free Wireless Headphones - Factory Renewed,Free,PayPal,Active
Bose SoundSport Wireless Bluetooth Neckband Headphones In-Ear Aqua Black Citron,Free,PayPal,Active
Bose SoundSport Wireless Bluetooth Neckband Headphones In-Ear Black Aqua Citron,Free,PayPal,Active
Bose¬Æ SoundLink¬Æ Wireless Around Ear Headphones II-100%+Seller Rating‚úîÔ∏è,Free,PayPal,Active
Bose¬Æ - QuietComfort 35 Wireless Noise Cancelling Headphones II,Free,PayPal,Active
Bose Quiet Comfort 20 QC20 2nd GEN(Apple) In Ear Headphones - Black/Blue 30-1A,Flat,PayPal,Active
Bose SoundSport Free Wireless In-ear Headphones - Black - Free 2nd Day Shipping,Free,PayPal,Active
Bose SoundSport In-Ear Wireless Headphones,Free,PayPal,Active
BOSE In Ear Headphones [Black/Silver] 349k (610),Calculated,PayPal,Active
Bose QC-35 QuietComfort 35 Wireless Bluetooth Headband Headphones - Black,Free,PayPal,Active
Bose SoundLink Headband Wireless Headphones - White / Black - Warranty!,Free,PayPal,Active
BOSE QuietComfort QC35 II 2 Wireless Noise Cancelling Headphones üéß BLACK,Flat,PayPal,Active
Bose QuietComfort 35II Acoustic Noise Cancelling Headphones Black,Flat,PayPal,Active
Bose SoundSport Wireless In-Ear Headphones -Black,Free,PayPal,Active
OB Bose SoundSport wireless bluetooth headphones sport earphone BLACK,Free,PayPal,Active
BOSE SoundSport Ear Buds In-Ear Headphones for Apple iPhone Red BRAND NEW SEALED,Free,PayPal,Active
Bose QuietComfort 15 QC15 Headphones- Silver- *Distressed* 14-8E,Calculated,PayPal,Active
Bose SoundSport In-Ear Wireless Headphones,Free,PayPal,Active
Bose Quiet Comfort 35 wireless headphones II,Calculated,PayPal,Active
"Bose SoundLink Around-Ear Wireless Headphones II with Mic, Black",Flat,PayPal,Active
Bose QuietComfort 35 Noise Cancelling Wireless Headphones Series II - QC35 Black,Flat,PayPal,Active
"Bose 774373-0010 SoundSport Free Wireless Bluetooth Headphones, Black",Free,PayPal,Active
Bose SoundSport Free Truly Wireless Sport Headphones - Black - 1 Year Warranty,Free,PayPal,Active
BOSE QuietComfort 35 II Wireless Headphones,Flat,PayPal,Active
Bose QuietComfort 35 Qc35 Wireless Noise Cancelling Headphones Black,Calculated,PayPal,Active
Original NEW BOSE MIE2 Mobile Headset Headphones In-Ear Earbuds Genuine,Free,PayPal,Active
Bose¬Æ SoundLink¬Æ Wireless Around Ear Headphones II-100%+Seller Rating‚úîÔ∏è,Free,PayPal,Active
Bose¬Æ - SoundSport¬Æ Free wireless headphones - Black 774373-0010,Free,PayPal,Active
Bose SoundSport In-Ear Wireless Headphones,Free,PayPal,Active
Bose QuietComfort 2 Headphones - Silver,Flat,PayPal,Active
Bose TriPort In-Ear Headphones - Headphones ( ear-bud ) - black,Calculated,PayPal,Active
Bose SoundSport Wireless In-Ear Bluetooth Headphones NFC - Black,Free,PayPal,Active
Bose SoundSport In-Ear Headphone 741776-0070 Charcoal Black,Free,PayPal,Active
Bose QuietComfort 35 Noise-Cancelling Wireless Headphones Series I - QC35 Silver,Calculated,PayPal,Active
Bose sie2i Sound&Sport In-Ear Headphones Earphones Multiple Color NO Specified,Free,PayPal,Active
"*NEW, SEALED* Bose QuietComfort 25 Noise Canceling Headphones w/ Mic for Android",Free,PayPal,Active
Bose QuietComfort 35 (Series II) Wireless Headphones Silver BRAND NEW & SEALED,Free,PayPal,Active
Bose In Ear Headphones For Apple Decices,Free,PayPal,Active
Bose QuietComfort 35 Headband Wireless Headphones - Black (AA28),Free,PayPal,Active
Bose QuietComfort 3 Acoustic Noise Cancelling headphones,Free,PayPal,Active
